,city,GPS,boundingbox
0,"北京,北京市","(40.190632, 116.412144)","[39.4416113, 41.0595584, 115.4172086, 117.5079852]"
1,"上海,上海市","(31.2322758, 121.4692071)","[30.6614383, 31.8834669, 120.8508584, 123.3342088]"
2,"天津,天津市","(39.3032619, 117.4163641)","[38.5549527, 40.2520111, 116.7022008, 118.0600003]"
3,"重庆,重庆市","(29.5647398, 106.5478767)","[28.161132, 32.207613, 105.306674, 110.204955]"
4,"内蒙古,呼和浩特市","(40.8337963, 111.6730788)","[39.5862333, 41.3811109, 110.5110773, 112.3047642]"
5,"内蒙古,包头市","(40.6549157, 109.8344586)","[40.2459995, 42.7359924, 109.2624433, 111.4363328]"
6,"内蒙古,乌海市","(39.4857837, 106.900469)","[39.035476, 39.9152613, 106.6044733, 107.1338203]"
7,"内蒙古,赤峰市","(43.2564906, 118.9759212)","[41.2802811, 45.2041284, 116.4259718, 120.9751968]"
8,"内蒙古,通辽市","(43.6428995, 122.2558324)","[42.2402705, 45.681457, 119.2352068, 123.7151825]"
9,"内蒙古,鄂尔多斯市","(39.6081457, 109.7763659)","[39.4481457, 39.7681457, 109.6163659, 109.9363659]"
10,"内蒙古,呼伦贝尔市","(49.2187995, 119.7431228)","[49.0587995, 49.3787995, 119.5831228, 119.9031228]"
11,"内蒙古,巴彦淖尔市","(41.569576, 107.494851)","[40.1714306, 42.46064, 105.2129668, 109.8977438]"
12,"内蒙古,乌兰察布市","(40.9902685, 113.1315646)","[40.1623043, 43.3793335, 110.3339767, 114.8015513]"
13,"内蒙古,兴安盟","(46.2425485, 121.4088758)","[44.2559854, 47.6559895, 119.4743753, 123.6256693]"
14,"内蒙古,锡林郭勒盟","(44.0319538, 115.8498401)","[41.5694092, 46.775786, 111.1527023, 119.8988188]"
15,"内蒙古,阿拉善盟","(40.480869, 102.84579)","[37.4067101, 42.7944874, 97.1717119, 106.8605878]"
16,"内蒙古,丰镇市","(40.5572474, 113.3107839)","[40.312107, 40.801384, 112.7966003, 113.7885055]"
17,"内蒙古,锡林浩特市","(43.98463615, 116.06738336490967)","[43.0306509, 44.9371299, 115.3151018, 117.0966493]"
18,"内蒙古,二连浩特市","(43.36407785, 111.97186599499605)","[42.9618786, 43.7633744, 111.3448868, 112.4367811]"
19,"内蒙古,满州里市","(49.4999053, 117.6035135)","[49.3220526, 49.6308469, 117.2106948, 117.8932919]"
20,"内蒙古,牙克石市","(49.321229, 121.278069)","[47.6607939, 50.8715354, 120.4583505, 122.492135]"
21,"内蒙古,扎兰屯市","(47.746019, 121.9705318)","[47.0944242, 48.6075355, 120.4823772, 123.2906766]"
22,"内蒙古,霍林郭勒市","(45.54076645, 119.5786103818397)","[45.3957174, 45.681457, 119.3081397, 119.8652203]"
23,"内蒙古,乌兰浩特市","(46.070838, 122.0698453)","[45.910838, 46.230838, 121.9098453, 122.2298453]"
24,"内蒙古,根河市","(51.3346874, 121.8112468)","[50.4080622, 52.5134125, 120.1786049, 122.8784637]"
25,"内蒙古,额尔古纳市","(51.67179, 120.781386)","[49.9771616, 53.3328897, 119.1425077, 121.8091736]"
26,"内蒙古,阿尔山市","(47.126311, 120.396568)","[46.6591828, 47.6559895, 119.4743753, 121.396747]"
27,"山西,太原市","(37.870009, 112.5452739)","[37.710009, 38.030009, 112.3852739, 112.7052739]"
28,"山西,大同市","(39.8969878, 113.79992921681216)","[39.0484507, 40.7452283, 112.5706688, 114.5655143]"
29,"山西,阳泉市","(38.0935972, 113.5265601)","[37.6563927, 38.5257668, 112.9139961, 114.0424246]"
30,"山西,长治市","(36.455644, 112.884355)","[35.8227615, 37.1248323, 111.9750573, 113.734571]"
31,"山西,晋城市","(35.493783, 112.8519862)","[35.189035, 36.0664176, 111.9353103, 113.619226]"
32,"山西,朔州市","(39.592737, 112.541339)","[39.0845144, 40.2987034, 111.890571, 113.5706483]"
33,"山西,忻州市","(38.76502, 112.385805)","[38.1320527, 39.6610111, 110.9387663, 113.9617693]"
34,"山西,临汾市","(36.229963, 111.381767)","[35.3863612, 36.9362409, 110.3706981, 112.5678098]"
35,"山西,运城市","(35.218039, 111.053715)","[34.5840679, 35.8196869, 110.2195363, 112.0753206]"
36,"山西,晋中市","(37.6866796, 112.7383414)","[36.6514866, 38.0962952, 111.4002814, 114.1330316]"
37,"山西,古交市","(37.916122, 112.118467)","[37.6689829, 38.1754947, 111.7273096, 112.3368702]"
38,"山西,霍州市","(36.586266, 111.821311)","[36.4384417, 36.7186124, 111.6188738, 112.0446397]"
39,"山西,潞城市","(36.3637096, 113.2229376)","[36.2367918, 36.4879864, 112.988962, 113.429196]"
40,"山西,高平市","(35.81878665, 112.9297137395886)","[35.6500201, 35.9872819, 112.7120208, 113.1563038]"
41,"山西,原平市","(38.7308094, 112.6994958)","[38.5708094, 38.8908094, 112.5394958, 112.8594958]"
42,"山西,介休市","(37.031378, 112.001713)","[36.8394335, 37.1831431, 111.7295297, 112.1695868]"
43,"山西,汾阳市","(37.3158284, 111.71239677962421)","[37.1465129, 37.4835015, 111.4340821, 112.0081756]"
44,"山西,孝义市","(37.085434, 111.633819)","[36.9443163, 37.3187494, 111.3596839, 111.9311939]"
45,"山西,河津市","(35.631232, 110.71173)","[35.4734698, 35.7893944, 110.5288451, 110.8376397]"
46,"山西,永济市","(34.898926, 110.476345)","[34.6726987, 35.0612181, 110.2195363, 110.7652666]"
47,"山西,侯马市","(35.61837615, 111.35713933588661)","[35.5350887, 35.7018938, 111.2593383, 111.4531516]"
48,"山西,吕梁市","(37.6855567, 111.3178885)","[36.7359547, 38.73027, 110.3712111, 112.3157319]"
49,"河北,石家庄市","(38.0429742, 114.5088385)","[37.4411105, 38.7626343, 113.5171832, 115.4770713]"
50,"河北,邯郸市","(36.583333, 114.483333)","[36.423333, 36.743333, 114.323333, 114.643333]"
51,"河北,邢台市","(37.0616519, 114.499746)","[36.7535336, 37.8127148, 113.7517088, 115.8476546]"
52,"河北,保定市","(38.8579735, 115.490696)","[38.6979735, 39.0179735, 115.330696, 115.650696]"
53,"河北,张家口市","(40.84936665, 115.22886847413784)","[39.5511558, 42.147156, 113.8124619, 116.4593103]"
54,"河北,承德市","(41.40122, 117.18432312807089)","[40.1900706, 42.6176407, 115.9038748, 119.2432982]"
55,"河北,唐山市","(39.6295799, 118.1739275)","[38.9143773, 40.4632588, 117.4974113, 119.3040284]"
56,"河北,秦皇岛市","(39.9395724, 119.5894129)","[39.4189426, 40.6155045, 118.5630869, 119.865095]"
57,"河北,沧州市","(38.2105658, 116.83654898170914)","[37.4748412, 38.946763, 115.6988989, 118.0535885]"
58,"河北,廊坊市","(39.5128345, 116.6997446)","[39.3528345, 39.6728345, 116.5397446, 116.8597446]"
59,"河北,衡水市","(37.7364305, 115.6677229)","[37.0565573, 38.3720109, 115.1685182, 116.5594449]"
60,"河北,武安市","(36.7536322, 114.11623987139156)","[36.4767312, 37.029481, 113.7395866, 114.3761766]"
61,"河北,霸州市","(39.0776239, 116.6039332)","[38.9831482, 39.2197402, 116.2569785, 116.9202691]"
62,"河北,泊头市","(38.0821748, 116.3714834)","[37.9100778, 38.2222021, 116.036455, 116.7544316]"
63,"河北,任丘市","(38.7063767, 116.1062203)","[38.5463767, 38.8663767, 115.9462203, 116.2662203]"
64,"河北,黄骅市","(38.39776935, 117.56546303279498)","[38.1541587, 38.6479819, 117.0794343, 118.0535885]"
65,"河北,河间市","(38.49220535, 116.1970603586924)","[38.3088188, 38.6752147, 115.9193764, 116.6376091]"
66,"河北,迁安市","(40.048818, 118.67377139703353)","[39.8472608, 40.2526101, 118.4410418, 118.919932]"
67,"河北,遵化市","(40.1367271, 117.91872684312759)","[39.9144907, 40.3601562, 117.56704, 118.2286755]"
68,"河北,三河市","(39.9815552, 117.0714873)","[39.8215552, 40.1415552, 116.9114873, 117.2314873]"
69,"河北,定州市","(38.5112175, 114.9970044)","[38.3512175, 38.6712175, 114.8370044, 115.1570044]"
70,"河北,安国市","(38.39192275, 115.3448230616745)","[38.2322179, 38.5544431, 115.1733117, 115.4968475]"
71,"河北,涿州市","(39.4757551, 115.95117570340274)","[39.3509792, 39.5995142, 115.7376764, 116.2421325]"
72,"河北,高碑店市","(39.2511292, 116.0362658)","[39.0967465, 39.3863439, 115.7841318, 116.2158858]"
73,"河北,辛集市","(37.9403095, 115.2786342)","[37.6282081, 38.1352995, 115.1136445, 115.4770713]"
74,"河北,晋州市","(41.494444, 121.615278)","[40.7740492, 42.1267409, 120.7114608, 122.5964159]"
75,"河北,藁城市","(38.0819946, 114.76471556148512)","[37.8512436, 38.3125291, 114.6475314, 114.9826065]"
76,"河北,新乐市","(38.3790768, 114.7375157)","[38.2546683, 38.5016651, 114.4990556, 114.937416]"
77,"河北,鹿泉市","(38.0762246, 114.29455250958421)","[37.8842406, 38.2714669, 114.1812608, 114.5106713]"
78,"河北,沙河市","(36.9174474, 114.2968951)","[36.8295761, 37.0489519, 113.8571386, 114.6652528]"
79,"河北,南宫市","(37.3560772, 115.3920309)","[37.1960772, 37.5160772, 115.2320309, 115.5520309]"
80,"河北,冀州市","(33.4930566, 126.5130589)","[33.2734949, 33.6487588, 126.1357352, 127.0588484]"
81,"河北,深州市","(37.9526283, 115.62672370985655)","[37.7106234, 38.1945562, 115.3416593, 115.8422733]"
82,"辽宁,沈阳市","(41.6744574, 123.4582891)","[41.1976943, 43.0402961, 122.4167356, 123.8085417]"
83,"辽宁,大连市","(38.9181714, 121.6282945)","[38.7581714, 39.0781714, 121.4682945, 121.7882945]"
84,"辽宁,鞍山市","(40.822222, 122.8275)","[39.9986502, 41.5681838, 122.1870151, 123.761882]"
85,"辽宁,抚顺市","(41.8692972, 123.924157)","[41.7092972, 42.0292972, 123.764157, 124.084157]"
86,"辽宁,本溪市","(41.176944, 124.157425)","[40.8137055, 41.5663834, 123.5766828, 125.7852121]"
87,"辽宁,丹东市","(40.128668, 124.3863404)","[39.968668, 40.288668, 124.2263404, 124.5463404]"
88,"辽宁,锦州市","(41.494444, 121.615278)","[40.7740492, 42.1267409, 120.7114608, 122.5964159]"
89,"辽宁,葫芦岛市","(40.593334999999996, 119.99851771995586)","[39.9894198, 41.2180415, 119.2157669, 121.035641]"
90,"辽宁,营口市","(40.6747155, 122.2357736)","[39.9189943, 40.9384475, 121.9440982, 123.0012997]"
91,"辽宁,阜新市","(42.0151733, 121.6452868)","[41.8551733, 42.1751733, 121.4852868, 121.8052868]"
92,"辽宁,辽阳市","(41.16254225, 123.37982827865642)","[40.7109564, 41.6152073, 122.5884182, 123.6839683]"
93,"辽宁,铁岭市","(42.6345121, 124.2858328)","[41.989395, 43.4888857, 123.4436419, 125.1030812]"
94,"辽宁,朝阳市","(41.5754767, 120.4390738)","[40.5973321, 42.3948944, 118.8398779, 121.2962625]"
95,"辽宁,盘锦市","(41.1169056, 122.0655098)","[40.6576613, 41.5252239, 121.4798703, 122.9109026]"
96,"辽宁,瓦房店市","(39.6304711, 121.999975)","[39.3101552, 40.1137222, 121.2232572, 122.280049]"
97,"辽宁,海城市","(40.8518336, 122.7433343)","[40.4799334, 41.1800448, 122.3118788, 123.1405868]"
98,"辽宁,兴城市","(40.5621218, 120.4793038)","[40.26646, 40.8321149, 120.0961205, 120.8277501]"
99,"辽宁,调兵山市","(42.446697549999996, 123.56138362708042)","[42.3421665, 42.5507414, 123.4488696, 123.6980839]"
100,"辽宁,北票市","(41.835302850000005, 120.81045242219724)","[41.3928397, 42.2779104, 120.2611831, 121.2962625]"
101,"辽宁,开原市","(42.4067626, 124.245093)","[42.1160589, 42.8894874, 123.7317951, 124.8166063]"
102,"辽宁,新民市","(41.99668375, 122.83287916712666)","[41.7077841, 42.2863467, 122.4167356, 123.3379912]"
103,"辽宁,庄河市","(39.6963769, 122.9703398)","[39.4625252, 40.2039986, 122.4875509, 123.5152509]"
104,"辽宁,凤城市","(28.1959598, 115.7846975)","[27.7283849, 28.4221783, 115.4295643, 116.1487448]"
105,"辽宁,北镇市","(41.562296, 121.80467031587303)","[41.3206326, 41.8040619, 121.5683782, 122.2022875]"
106,"辽宁,灯塔市","(41.4244866, 123.3335139)","[41.2312567, 41.6152073, 122.907268, 123.6670841]"
107,"辽宁,凌源市","(40.9718381, 119.2695639)","[40.5973321, 41.4225748, 118.8398779, 119.6309185]"
108,"辽宁,盖州市","(40.2134907, 122.4780049)","[39.9189943, 40.5648227, 121.9440982, 122.891749]"
109,"辽宁,东港市","(39.9685896, 123.8563967)","[39.7442635, 40.2182302, 123.37104, 124.2898694]"
110,"辽宁,普兰店市","(39.4010519, 121.9642662)","[39.3038591, 39.9835699, 121.8482264, 122.6053539]"
111,"辽宁,凌海市","(41.1317923, 121.40581003376796)","[40.8328426, 41.4304671, 120.7114608, 121.7586945]"
112,"辽宁,大石桥市","(40.6348183, 122.5042794)","[40.3182417, 40.9384475, 122.0917903, 123.0012997]"
113,"吉林,长春市","(43.8130735, 125.3171216)","[43.1599943, 45.251339, 124.0087362, 127.0877885]"
114,"吉林,吉林市","(43.686111, 126.905556)","[42.5611494, 44.6460834, 125.6398669, 127.9189034]"
115,"吉林,四平市","(43.1669821, 124.364739)","[42.8200745, 44.1082399, 123.2980994, 125.7844692]"
116,"吉林,辽源市","(42.764474, 125.41115115847626)","[42.298203, 43.2308705, 124.8344202, 125.8387318]"
117,"吉林,通化市","(42.123889, 125.848333)","[40.86164, 43.0176749, 125.2573902, 126.7438769]"
118,"吉林,白城市","(45.4086001, 123.1327161)","[44.2318088, 46.3029847, 121.6357146, 124.3663995]"
119,"吉林,白山市","(42.185, 127.291389)","[41.3606435, 42.8414054, 126.1137294, 128.3120132]"
120,"吉林,松原市","(44.750929400000004, 124.22158210393695)","[43.9828743, 45.5196854, 123.1084322, 126.1908938]"
121,"吉林,延边朝鲜族自治州","(43.1331507, 129.2795659)","[41.9969365, 44.512061, 127.4633713, 131.311365]"
122,"吉林,公主岭市","(43.7703784, 124.7656749)","[43.1599943, 44.1570497, 124.0087362, 125.3121255]"
123,"吉林,梅河口市","(42.5668595, 125.7838796)","[42.1393107, 43.0176749, 125.2573902, 126.0642317]"
124,"吉林,集安市","(27.0937349, 114.961355)","[25.9751756, 27.9660198, 113.8290882, 115.930661]"
125,"吉林,九台市","(44.2473733, 126.0575422)","[43.8468122, 44.5261481, 125.5756856, 126.498772]"
126,"吉林,桦甸市","(43.106389, 126.975)","[42.5611494, 43.4824755, 126.2693723, 127.846633]"
127,"吉林,蛟河市","(43.6848768, 127.3578579)","[43.2060958, 44.1445675, 126.7465349, 127.9189034]"
128,"吉林,榆树市","(44.8805211, 126.52738850029755)","[44.5100881, 45.251339, 126.0200309, 127.0877885]"
129,"吉林,洮南市","(45.446738, 122.4936235)","[45.0404875, 46.0233244, 121.6357146, 123.3376452]"
130,"吉林,大安市","(45.4427984, 123.7207257)","[44.9499669, 45.7597751, 123.1486622, 124.3663995]"
131,"吉林,延吉市","(42.8888552, 129.5008425)","[42.7288552, 43.0488552, 129.3408425, 129.6608425]"
132,"吉林,图们市","(43.0139427, 129.8119445)","[42.7763163, 43.1709172, 129.5349106, 130.1249445]"
133,"吉林,敦化市","(43.611007150000006, 128.3348351675204)","[42.7051212, 44.512061, 127.4633713, 129.212003]"
134,"吉林,龙井市","(42.71039165, 129.58091107578002)","[42.3601805, 43.0590486, 128.9309138, 129.8038527]"
135,"吉林,珲春市","(42.9899308, 130.4643291)","[42.4183323, 43.2686567, 129.9571897, 130.9494044]"
136,"吉林,德惠市","(44.5517922, 125.89618481491874)","[44.2180364, 44.8846468, 125.3243211, 126.4082281]"
137,"吉林,磐石市","(43.070278, 126.148056)","[42.6656799, 43.4537462, 125.6398669, 126.6849498]"
138,"吉林,舒兰市","(44.299444, 127.171944)","[43.9571109, 44.6460834, 126.4082281, 127.7498989]"
139,"吉林,双辽市","(43.8120019, 123.7723298)","[43.3639086, 44.1082399, 123.2980994, 124.0785598]"
140,"吉林,和龙市","(42.4633208, 128.900372)","[41.9969365, 42.9543156, 128.3813783, 129.4056853]"
141,"吉林,临江市","(41.8317512, 127.19634)","[41.5230856, 42.0636084, 126.5524352, 127.8289747]"
142,"黑龙江,哈尔滨市","(45.7988273, 126.5303997)","[44.0599824, 46.6718214, 125.6782545, 130.2335015]"
143,"黑龙江,齐齐哈尔市","(47.7363891, 124.6567611)","[46.2209288, 48.9215877, 122.3923608, 126.6607166]"
144,"黑龙江,鹤岗市","(47.3355856, 130.2836718)","[47.1755856, 47.4955856, 130.1236718, 130.4436718]"
145,"黑龙江,双鸭山市","(46.522721, 132.645516)","[45.8143812, 47.5783644, 130.6491709, 134.3075834]"
146,"黑龙江,鸡西市","(45.65802, 132.461493)","[44.8525411, 46.6091187, 130.3911014, 133.9414887]"
147,"黑龙江,大庆市","(46.3240228, 124.5598093)","[45.3802435, 47.4752579, 123.7478029, 125.8004541]"
148,"黑龙江,伊春市","(47.9433709, 129.1847514)","[46.4807711, 49.4416197, 127.6213965, 130.7767671]"
149,"黑龙江,牡丹江市","(44.635006, 130.013384)","[43.4232314, 45.9858209, 128.2244013, 131.3138294]"
150,"黑龙江,佳木斯市","(47.02157, 132.044137)","[45.9432378, 48.4252932, 129.4958309, 134.7754563]"
151,"黑龙江,七台河市","(45.917055700000006, 130.8209842869395)","[45.586491, 46.2487865, 130.0962389, 131.9253662]"
152,"黑龙江,绥化市","(46.6520483, 126.9607485)","[46.4920483, 46.8120483, 126.8007485, 127.1207485]"
153,"黑龙江,黑河市","(50.2377974, 127.5132223)","[50.0777974, 50.3977974, 127.3532223, 127.6732223]"
154,"黑龙江,大兴安岭地区","(52.3413513, 124.5619384)","[50.9023675, 53.5608154, 121.1843185, 127.0243343]"
155,"黑龙江,绥芬河市","(44.4136077, 131.0831380171767)","[44.2919947, 44.5345241, 130.9338582, 131.2275133]"
156,"黑龙江,同江市","(47.78564, 133.1718339)","[47.3948864, 48.3043268, 132.3081809, 134.1152774]"
157,"黑龙江,富锦市","(47.174394, 132.516788)","[46.752155, 47.6209489, 131.5622673, 133.4454034]"
158,"黑龙江,铁力市","(46.9842249, 128.0256684)","[46.8242249, 47.1442249, 127.8656684, 128.1856684]"
159,"黑龙江,密山市","(45.4701565, 132.1986356)","[45.0151103, 45.9849541, 131.2390312, 133.1425118]"
160,"黑龙江,安达市","(46.5169806, 125.4192927)","[46.0150022, 47.0110178, 124.8702527, 125.9121739]"
161,"黑龙江,肇东市","(46.026373, 125.814502)","[45.4982184, 46.4259447, 125.3293853, 126.3594941]"
162,"黑龙江,海伦市","(47.416509500000004, 126.82147280464753)","[46.9650269, 47.8680189, 126.2268828, 127.7469863]"
163,"黑龙江,北安市","(48.1392776, 127.151802)","[47.5850593, 48.5365714, 126.2780495, 127.8883588]"
164,"黑龙江,五大连池市","(48.7520542, 126.6482851)","[48.0285149, 49.2003365, 125.6998878, 128.4360746]"
165,"黑龙江,尚志市","(44.980196, 128.315814)","[44.4884949, 45.5904064, 127.3718012, 129.2026958]"
166,"黑龙江,双城市","(45.3662519, 126.3046846)","[45.2062519, 45.5262519, 126.1446846, 126.4646846]"
167,"黑龙江,讷河市","(48.4540245, 125.119851)","[47.9628484, 48.9215877, 124.3099668, 125.9807203]"
168,"黑龙江,海林市","(44.861966, 129.257006)","[44.1943018, 45.6249256, 128.2244013, 129.9716876]"
169,"黑龙江,穆棱市","(44.5331072, 130.3726378)","[43.8322805, 45.1217551, 129.8917479, 131.143704]"
170,"黑龙江,虎林市","(46.0140986, 133.1530496)","[45.3886604, 46.6091187, 132.1448766, 133.9414887]"
171,"黑龙江,宁安市","(44.061477, 129.203752)","[43.520652, 44.4602206, 128.455799, 130.0477311]"
172,"黑龙江,五常市","(44.75176265, 127.48249107001993)","[44.0599824, 45.443524, 126.5473934, 128.2656587]"
173,"江苏,南京市","(32.0609736, 118.7916458)","[31.2302006, 32.615778, 118.3580264, 119.2395068]"
174,"江苏,徐州市","(34.2066591, 117.278286)","[34.0466591, 34.3666591, 117.118286, 117.438286]"
175,"江苏,连云港市","(34.6092633, 119.1695305)","[33.9854788, 35.1552846, 118.395553, 119.9428936]"
176,"江苏,盐城市","(33.3495657, 120.1576778)","[33.1895657, 33.5095657, 119.9976778, 120.3176778]"
177,"江苏,扬州市","(32.3969935, 119.4077008)","[32.2246314, 33.4171032, 119.0045966, 119.9033958]"
178,"江苏,南通市","(31.9827896, 120.8904588)","[31.6581843, 32.7146663, 120.1972876, 121.9746777]"
179,"江苏,镇江市","(32.1901111, 119.4200584)","[31.6269907, 32.3220698, 118.9621166, 119.9674237]"
180,"江苏,常州市","(31.8122623, 119.9691539)","[31.1530205, 32.0617334, 119.1348516, 120.2011368]"
181,"江苏,无锡市","(31.4933074, 120.3074357)","[31.1041479, 31.9927112, 119.513939, 120.6005139]"
182,"江苏,苏州市","(31.3016935, 120.5810725)","[30.7602635, 32.0457785, 119.9162087, 121.382253]"
183,"江苏,泰州市","(32.4585613, 119.9181228)","[32.2985613, 32.6185613, 119.7581228, 120.0781228]"
184,"江苏,宿迁市","(33.9645859, 118.2697782)","[33.8045859, 34.1245859, 118.1097782, 118.4297782]"
185,"江苏,淮安市","(33.5524785, 119.1075773)","[33.3924785, 33.7124785, 118.9475773, 119.2675773]"
186,"江苏,仪征市","(32.4148475, 119.1619072405039)","[32.2246314, 32.6056018, 119.0045966, 119.3327971]"
187,"江苏,常熟市","(31.6572954, 120.7480757)","[31.4949937, 31.8389452, 120.5385696, 121.0966408]"
188,"江苏,张家港市","(31.8782976, 120.5514595)","[31.7199995, 32.0457785, 120.3653115, 120.8899616]"
189,"江苏,江阴市","(31.9092756, 120.2630426)","[31.7492756, 32.0692756, 120.1030426, 120.4230426]"
190,"江苏,丹阳市","(32.0109736, 119.6012702)","[31.8509736, 32.1709736, 119.4412702, 119.7612702]"
191,"江苏,东台市","(32.8536216, 120.3122464)","[32.6936216, 33.0136216, 120.1522464, 120.4722464]"
192,"江苏,兴化市","(32.9325092, 119.8321293)","[32.7725092, 33.0925092, 119.6721293, 119.9921293]"
193,"江苏,宜兴市","(31.3495972, 119.817253)","[31.1041479, 31.6158837, 119.513939, 120.1281207]"
194,"江苏,昆山市","(31.3869323, 120.9764683)","[31.1090894, 31.5437278, 120.7994006, 121.1566472]"
195,"江苏,启东市","(31.884493550000002, 121.68672965391767)","[31.6385239, 32.1279655, 121.4286024, 121.9746777]"
196,"江苏,新沂市","(34.3769236, 118.3485083)","[34.2169236, 34.5369236, 118.1885083, 118.5085083]"
197,"江苏,溧阳市","(31.4188822, 119.4789683)","[31.1530205, 31.6855233, 119.1348516, 119.6120703]"
198,"江苏,大丰市","(33.2019957, 120.4564759)","[32.9134603, 33.5919686, 120.2125709, 120.9725208]"
199,"江苏,泰兴市","(32.1696072, 120.0160999)","[32.0096072, 32.3296072, 119.8560999, 120.1760999]"
200,"江苏,江都市","(22.6991, 109.114)","[22.6791, 22.7191, 109.094, 109.134]"
201,"江苏,靖江市","(32.0165721, 120.2693683)","[31.8565721, 32.1765721, 120.1093683, 120.4293683]"
202,"江苏,高邮市","(32.7875425, 119.4326277)","[32.6275425, 32.9475425, 119.2726277, 119.5926277]"
203,"江苏,如皋市","(32.24629835, 120.5697194826229)","[31.9977859, 32.4947936, 120.340314, 120.8339131]"
204,"江苏,海门市","(31.3066766, 105.3817192)","[31.2866766, 31.3266766, 105.3617192, 105.4017192]"
205,"江苏,句容市","(31.9457106, 119.1676967)","[31.7857106, 32.1057106, 119.0076967, 119.3276967]"
206,"江苏,扬中市","(32.2375297, 119.7921913)","[32.0042934, 32.3220698, 119.6920351, 119.9674237]"
207,"江苏,金坛市","(31.725124899999997, 119.53507369171163)","[31.5602076, 31.8897215, 119.2977158, 119.7503869]"
208,"江苏,吴江市","(31.1415158, 120.6406744)","[30.7602635, 31.2283478, 120.3491504, 120.900566]"
209,"江苏,太仓市","(31.4590371, 121.1264772)","[31.3666864, 31.7642695, 120.9722078, 121.382253]"
210,"江苏,通州市","(26.8321058, 112.4467535)","[26.7921058, 26.8721058, 112.4067535, 112.4867535]"
211,"江苏,邳州市","(34.3402702, 118.0068173)","[34.1802702, 34.5002702, 117.8468173, 118.1668173]"
212,"江苏,姜堰市","(37.6730751, 138.8825389)","[37.5130751, 37.8330751, 138.7225389, 139.0425389]"
213,"安徽,合肥市","(31.8228094, 117.2218033)","[30.9613005, 32.5410692, 116.6866913, 117.9687804]"
214,"安徽,淮南市","(32.5866826, 117.0130019)","[32.4266826, 32.7466826, 116.8530019, 117.1730019]"
215,"安徽,淮北市","(33.9566098, 116.7928916)","[33.2790644, 34.2548001, 116.3888318, 117.0557463]"
216,"安徽,芜湖市","(31.3536127, 118.4277477)","[30.6441499, 31.5404399, 117.4837879, 118.7230988]"
217,"安徽,铜陵市","(30.9345628, 117.8089039)","[30.7745628, 31.0945628, 117.6489039, 117.9689039]"
218,"安徽,蚌埠市","(33.105056649999995, 117.41068476833524)","[32.7099797, 33.5022204, 116.7261956, 118.0691983]"
219,"安徽,马鞍山市","(31.6866105, 118.5048377)","[31.2929572, 32.0631523, 117.8945089, 118.8821769]"
220,"安徽,安庆市","(30.5358685, 117.1048214)","[30.3758685, 30.6958685, 116.9448214, 117.2648214]"
221,"安徽,黄山市","(29.7125012, 118.3215698)","[29.3952274, 30.5195409, 117.1977463, 118.899107]"
222,"安徽,宿州市","(33.6482366, 116.9588062)","[33.2758459, 34.6537437, 116.156711, 118.1790695]"
223,"安徽,滁州市","(32.2545901, 118.3280486)","[32.0945901, 32.4145901, 118.1680486, 118.4880486]"
224,"安徽,巢湖市","(31.627503, 117.8842395)","[31.2705091, 32.0016457, 117.4210887, 117.9687804]"
225,"安徽,六安市","(31.81357565, 116.29813051021137)","[31.0141087, 32.6085277, 115.3654294, 117.2495082]"
226,"安徽,阜阳市","(32.8926763, 115.8090001)","[32.7326763, 33.0526763, 115.6490001, 115.9690001]"
227,"安徽,亳州市","(33.8579594, 115.772453)","[32.8601034, 34.0780235, 115.5404786, 116.8223493]"
228,"安徽,宣城市","(30.9412541, 118.7540167)","[29.9551754, 31.324679, 117.965106, 119.6453203]"
229,"安徽,池州市","(30.6671088, 117.4859885)","[29.5650702, 30.8458385, 116.6440654, 118.1216738]"
230,"安徽,界首市","(33.2619055, 115.3540362)","[33.1019055, 33.4219055, 115.1940362, 115.5140362]"
231,"安徽,桐城市","(31.0530582, 116.953449)","[30.8930582, 31.2130582, 116.793449, 117.113449]"
232,"安徽,天长市","(32.669149, 118.9994478)","[32.509149, 32.829149, 118.8394478, 119.1594478]"
233,"安徽,宁国市","(30.6353605, 118.9867301)","[30.4753605, 30.7953605, 118.8267301, 119.1467301]"
234,"安徽,明光市","(32.7840083, 118.0127491)","[32.4466054, 33.2181435, 117.8287428, 118.4243623]"
235,"山东,济南市","(36.6507007, 117.1140042)","[35.9920671, 37.5381497, 116.2193434, 117.9726333]"
236,"山东,青岛市","(36.0638034, 120.3781372)","[35.9038034, 36.2238034, 120.2181372, 120.5381372]"
237,"山东,淄博市","(36.8047833, 118.0444472)","[36.6447833, 36.9647833, 117.8844472, 118.2044472]"
238,"山东,枣庄市","(34.8113006, 117.3178278)","[34.6513006, 34.9713006, 117.1578278, 117.4778278]"
239,"山东,东营市","(37.5862095, 118.59097889881826)","[36.9361684, 38.2400004, 118.1065186, 119.3582146]"
240,"山东,烟台市","(37.461928, 121.4425255)","[36.5434325, 38.4207808, 119.5475578, 121.9290305]"
241,"山东,威海市","(37.5120997, 122.1152599)","[36.6582294, 37.5962802, 121.1746264, 122.774962]"
242,"山东,济宁市","(35.4125047, 116.5849266)","[34.4306468, 35.981523, 115.8648677, 117.588867]"
243,"山东,泰安市","(36.2002968, 117.0809316)","[35.6339965, 36.477689, 116.041489, 117.996664]"
244,"山东,日照市","(35.4150703, 119.5214512)","[35.2550703, 35.5750703, 119.3614512, 119.6814512]"
245,"山东,莱芜市","(36.29893065, 117.64963280516673)","[36.0466876, 36.5538629, 117.3309502, 117.9292148]"
246,"山东,德州市","(37.4486676, 116.305416)","[36.4100909, 38.0107036, 115.7548016, 117.6003773]"
247,"山东,滨州市","(37.3821206, 117.9647262)","[36.6895122, 38.376654, 117.2598291, 118.4121766]"
248,"山东,临沂市","(35.1032403, 118.3506988)","[34.3785778, 36.2017311, 117.4111755, 119.1951052]"
249,"山东,聊城市","(36.4441808, 115.9642007)","[35.7728789, 37.0325267, 115.2656364, 116.5441706]"
250,"山东,潍坊市","(36.7071591, 119.1557441)","[36.5471591, 36.8671591, 118.9957441, 119.3157441]"
251,"山东,菏泽市","(35.2477266, 115.4464761)","[35.0877266, 35.4077266, 115.2864761, 115.6064761]"
252,"山东,青州市","(35.8556705, 129.2248811)","[35.6334917, 36.0793495, 128.9701795, 129.5543]"
253,"山东,龙口市","(37.6443474, 120.4708629)","[37.4593959, 37.8030029, 120.1828764, 120.7459575]"
254,"山东,曲阜市","(35.5956915, 116.987543)","[35.4356915, 35.7556915, 116.827543, 117.147543]"
255,"山东,新泰市","(35.9068588, 117.76243)","[35.6339965, 36.1117908, 117.2446638, 117.996664]"
256,"山东,胶州市","(36.2589094, 119.96588504364645)","[36.0093794, 36.5081212, 119.6266535, 120.2107359]"
257,"山东,诸城市","(35.9953289, 119.405082)","[35.7163774, 36.2834811, 118.9952393, 119.7232973]"
258,"山东,莱阳市","(36.9794733, 120.7013712)","[36.5738709, 37.1609845, 120.5197664, 120.9873085]"
259,"山东,莱州市","(37.1823043, 119.9325123)","[36.9880788, 37.5116325, 119.5475578, 120.3035135]"
260,"山东,滕州市","(35.113997, 117.1599113)","[34.953997, 35.273997, 116.9999113, 117.3199113]"
261,"山东,文登市","(37.1787297, 121.9857129)","[37.1737297, 37.1837297, 121.9807129, 121.9907129]"
262,"山东,荣成市","(37.1668618, 122.4919734)","[36.715771, 37.4917497, 122.0763012, 122.774962]"
263,"山东,即墨市","(28.4818079, 102.6578713)","[28.4618079, 28.5018079, 102.6378713, 102.6778713]"
264,"山东,平度市","(36.7842974, 119.9493639)","[36.4710938, 37.0461153, 119.5251842, 120.3205476]"
265,"山东,莱西市","(36.8618279, 120.5158492)","[36.5710123, 37.148318, 120.2017887, 120.6553661]"
266,"山东,胶南市","(24.805, 120.9375)","[24.785, 24.825, 120.9175, 120.9575]"
267,"山东,乐陵市","(37.6469388, 117.16321803140067)","[37.4355084, 37.8532134, 116.9156178, 117.3437158]"
268,"山东,临清市","(36.78021785, 115.79388249175608)","[36.6411062, 36.9179224, 115.4347099, 116.065958]"
269,"山东,章丘市","(36.6812623, 117.5682619)","[36.6812123, 36.6813123, 117.5682119, 117.5683119]"
270,"山东,昌邑市","(36.8394346, 119.4013261)","[36.4467124, 37.1906815, 119.2111947, 119.6256103]"
271,"山东,高密市","(36.3654065, 119.8005385)","[36.1430838, 36.6899455, 119.4277573, 120.0101163]"
272,"山东,安丘市","(36.4794705, 119.2129818)","[36.0865088, 36.5556031, 118.7449033, 119.4479562]"
273,"山东,寿光市","(36.8762356, 118.7322549)","[36.7143814, 37.3386366, 118.5380403, 119.1252908]"
274,"山东,招远市","(37.354722, 120.402222)","[37.0761617, 37.5591395, 120.1181599, 120.6328385]"
275,"山东,栖霞市","(37.3083612, 120.8310336)","[37.0848051, 37.5473982, 120.5472632, 121.2635252]"
276,"山东,海阳市","(36.6883484, 121.1686893)","[36.5434325, 37.1744396, 120.8336447, 121.4840685]"
277,"山东,蓬莱市","(37.7564453, 120.7967064)","[37.7514453, 37.7614453, 120.7917064, 120.8017064]"
278,"山东,乳山市","(36.9136248, 121.525514)","[36.6582294, 37.1479487, 121.1746264, 121.9056688]"
279,"山东,兖州市","(23.1301964, 113.2592945)","[22.5176916, 23.9360754, 112.9529252, 114.0500833]"
280,"山东,肥城市","(36.1841443, 116.7653466)","[35.8883165, 36.3128009, 116.4644275, 116.9882213]"
281,"山东,禹城市","(36.933782, 116.6329789)","[36.773782, 37.093782, 116.4729789, 116.7929789]"
282,"山东,邹城市","(35.4042254, 116.9651613)","[35.2442254, 35.5642254, 116.8051613, 117.1251613]"
283,"浙江,杭州市","(30.2489634, 120.2052342)","[29.1888286, 30.5648514, 118.3396948, 120.7128549]"
284,"浙江,宁波市","(29.8622194, 121.6203873)","[28.917404, 30.4859597, 120.8753582, 122.5830446]"
285,"浙江,温州市","(27.9958689, 120.6915792)","[27.1359936, 28.6148932, 119.6202349, 121.2742993]"
286,"浙江,嘉兴市","(30.7474425, 120.7510971)","[30.2645717, 31.0324329, 120.2911826, 121.5344906]"
287,"浙江,湖州市","(30.8942995, 120.0851114)","[30.3756191, 31.1825784, 119.2324036, 120.4840793]"
288,"浙江,绍兴市","(29.9992425, 120.576854)","[29.2304075, 30.2881762, 119.8903733, 121.2276935]"
289,"浙江,金华市","(29.1080344, 119.6486487)","[28.9480344, 29.2680344, 119.4886487, 119.8086487]"
290,"浙江,衢州市","(28.973887, 118.8540924)","[28.2414132, 29.5004089, 118.022407, 119.3417699]"
291,"浙江,舟山市","(29.9873344, 122.2030363)","[29.414686, 30.9103907, 121.5238946, 123.1682304]"
292,"浙江,丽水市","(28.4704064, 119.9184297)","[27.4197953, 28.9464929, 118.6903533, 120.4319608]"
293,"浙江,台州市","(28.6581723, 121.4163876)","[28.0144077, 29.3472596, 120.2850399, 121.997487]"
294,"浙江,余姚市","(30.0393082, 121.1501449)","[29.6514939, 30.3668624, 120.8753582, 121.4206825]"
295,"浙江,海宁市","(30.5142256, 120.6759733)","[30.2645717, 30.5942435, 120.3014168, 120.8426517]"
296,"浙江,兰溪市","(29.2102744, 119.4553921)","[29.0875771, 29.4570896, 119.2163307, 119.8885742]"
297,"浙江,瑞安市","(27.826185199999998, 120.4693670785285)","[27.6001947, 27.9855879, 120.1760446, 121.2296673]"
298,"浙江,江山市","(28.7417596, 118.6226466)","[28.5817596, 28.9017596, 118.4626466, 118.7826466]"
299,"浙江,东阳市","(29.2908082, 120.2366509)","[28.968223, 29.4867419, 120.0737642, 120.7254882]"
300,"浙江,义乌市","(29.3063535, 120.0702682)","[29.0406997, 29.5470884, 119.8189917, 120.2719803]"
301,"浙江,慈溪市","(30.1708675, 121.261786)","[30.0404534, 30.4859597, 121.0372392, 121.6790765]"
302,"浙江,奉化市","(29.6575927, 121.4014508)","[29.4089464, 29.789521, 121.0681154, 121.7767953]"
303,"浙江,诸暨市","(29.7157268, 120.2315762)","[29.5557268, 29.8757268, 120.0715762, 120.3915762]"
304,"浙江,临海市","(28.853159499999997, 121.19433766063938)","[28.6329264, 29.073457, 120.8211205, 121.997487]"
305,"浙江,龙泉市","(28.0760972, 119.1370006)","[27.7397919, 28.3356209, 118.7114382, 119.4221028]"
306,"浙江,临安市","(30.2371364, 119.7192631)","[30.0771364, 30.3971364, 119.5592631, 119.8792631]"
307,"浙江,富阳市","(32.8926763, 115.8090001)","[32.7326763, 33.0526763, 115.6490001, 115.9690001]"
308,"浙江,建德市","(29.48824475, 119.4435069019816)","[29.2053198, 29.7707424, 118.8969308, 119.7645033]"
309,"浙江,乐清市","(28.248764899999998, 121.01634529642902)","[27.9602916, 28.5361963, 120.7816744, 121.2495669]"
310,"浙江,平湖市","(30.6782402, 121.0116196)","[30.273894, 30.8589861, 120.946126, 121.5344906]"
311,"浙江,桐乡市","(30.6316971, 120.5610365)","[30.4715661, 30.7941091, 120.2911826, 120.6639039]"
312,"浙江,上虞市","(37.1478816, 138.2359501)","[36.940891, 37.5260318, 137.7845494, 138.568896]"
313,"浙江,永康市","(28.8906978, 120.0427315)","[28.7567234, 29.1028015, 119.8825884, 120.3403929]"
314,"浙江,温岭市","(28.36740535, 121.4539368158583)","[28.202768, 28.5314119, 121.1576629, 121.7443081]"
315,"浙江,嵊州市","(29.5633687, 120.8272061)","[29.4033687, 29.7233687, 120.6672061, 120.9872061]"
316,"江西,南昌市","(28.687547, 115.8540042)","[28.1606742, 29.1250725, 115.4342621, 116.560835]"
317,"江西,景德镇市","(29.2909294, 117.204121)","[28.7223282, 29.9299736, 116.9521344, 117.7044026]"
318,"江西,萍乡市","(27.6603206, 113.8830806)","[26.9622404, 28.0106988, 113.5749006, 114.2767359]"
319,"江西,新余市","(27.8214162, 114.9124505)","[27.5339613, 28.1116879, 114.4772667, 115.4022145]"
320,"江西,九江市","(29.384461350000002, 115.68049202188841)","[28.6887413, 30.0799869, 113.936723, 116.8995093]"
321,"江西,鹰潭市","(28.2741176, 117.034423)","[27.8477851, 28.6306175, 116.6847466, 117.4675286]"
322,"江西,上饶市","(28.4582821, 117.9381305)","[27.8035885, 29.7018287, 116.2240265, 118.482163]"
323,"江西,宜春市","(27.81697, 114.4112498)","[27.5471367, 29.1027622, 113.8834782, 116.1487448]"
324,"江西,吉安市","(27.0937349, 114.961355)","[25.9751756, 27.9660198, 113.8290882, 115.930661]"
325,"江西,赣州市","(25.8332103, 114.9287362)","[24.4888474, 27.1479969, 113.9091094, 116.6340009]"
326,"江西,抚州市","(27.9511188, 116.3530413)","[27.7911188, 28.1111188, 116.1930413, 116.5130413]"
327,"江西,瑞昌市","(29.6765809, 115.676396)","[29.5165809, 29.8365809, 115.516396, 115.836396]"
328,"江西,德兴市","(28.9482645, 117.7569627)","[28.6405197, 29.295038, 117.3808791, 118.0906033]"
329,"江西,丰城市","(28.1959598, 115.7846975)","[27.7283849, 28.4221783, 115.4295643, 116.1487448]"
330,"江西,樟树市","(28.0082247, 115.3993097)","[27.8245506, 28.1559357, 115.1093016, 115.7163593]"
331,"江西,乐平市","(22.1887958, 112.3090696)","[21.9113409, 22.4976329, 111.9992053, 112.5252838]"
332,"江西,贵溪市","(28.2846932, 117.2023952)","[27.8477851, 28.6306175, 116.9212544, 117.4675286]"
333,"江西,高安市","(28.4168903, 115.3742552)","[28.0472296, 28.6456235, 115.0041834, 115.5826702]"
334,"江西,南康市","(25.6637996, 114.7606438)","[25.4684064, 26.2366114, 114.4856765, 114.9261734]"
335,"江西,瑞金市","(25.8787449, 116.0274359)","[25.5499496, 26.2930089, 115.6903228, 116.3652402]"
336,"江西,井冈山市","(26.5718342, 114.1653795)","[26.3677468, 26.8366896, 113.8372978, 114.4765817]"
337,"福建,福州市","(26.0774954, 119.2918215)","[25.2363116, 26.6434234, 118.381233, 119.9880288]"
338,"福建,厦门市","(24.4801069, 118.0853479)","[24.3846259, 24.909418, 117.8768704, 118.4334753]"
339,"福建,三明市","(26.2672397, 117.6340402)","[25.477725, 27.1308004, 116.3801319, 118.6544894]"
340,"福建,莆田市","(25.4557366, 119.0029034)","[24.92505, 25.7577411, 118.450058, 119.7344967]"
341,"福建,泉州市","(24.8755492, 118.6723605)","[24.4771506, 25.934744, 117.5518828, 119.1220086]"
342,"福建,漳州市","(24.5164639, 117.6424895)","[23.5167751, 25.210197, 116.8955078, 118.2170098]"
343,"福建,南平市","(27.3864812, 118.0777547)","[27.2264812, 27.5464812, 117.9177547, 118.2377547]"
344,"福建,宁德市","(26.6695006, 119.5432715)","[26.2944154, 27.6794427, 118.5408478, 120.7277295]"
345,"福建,龙岩市","(25.0767425, 117.0123483)","[24.3752649, 26.0357388, 115.8467567, 117.7354433]"
346,"福建,永安市","(25.88302515, 117.32249276665624)","[25.5587584, 26.1975689, 116.9347763, 117.7748793]"
347,"福建,石狮市","(24.7337639, 118.6439351)","[24.6098787, 24.8288841, 118.580788, 118.8844296]"
348,"福建,福清市","(25.7237321, 119.3795377)","[25.2698466, 25.8523517, 119.0632775, 119.6892642]"
349,"福建,邵武市","(27.2574529, 117.42206798298986)","[26.9234897, 27.5913354, 117.0385842, 117.8241121]"
350,"福建,武夷山市","(27.77201915, 117.92985748252613)","[27.4645939, 28.0790422, 117.6249008, 118.3259888]"
351,"福建,福安市","(27.0494665, 119.61083409103011)","[26.6931585, 27.4068997, 119.3819432, 119.863603]"
352,"福建,漳平市","(25.346546449999998, 117.507104954833)","[24.9072229, 25.7865219, 117.1752168, 117.7354433]"
353,"福建,长乐市","(25.1313491, 113.3470997)","[24.9638804, 25.5195165, 112.8458884, 113.5828398]"
354,"福建,南安市","(24.9633929, 118.3842852)","[24.5474358, 25.302984, 118.123948, 118.5856933]"
355,"福建,晋江市","(24.784435, 118.5477505)","[24.4771506, 24.907136, 118.4080401, 118.7319943]"
356,"福建,龙海市","(24.4490237, 117.8132438)","[24.1475357, 24.5915293, 117.4934618, 118.2170098]"
357,"福建,建阳市","(30.3915544, 104.5532107)","[30.0920455, 30.6464281, 104.1892662, 104.8948475]"
358,"福建,建瓯市","(26.9935796, 118.44696432526658)","[26.6499784, 27.3390294, 117.9798871, 118.9521408]"
359,"福建,福鼎市","(27.210409900000002, 120.2232636674726)","[26.9142639, 27.4432493, 119.932149, 120.7277295]"
360,"湖南,长沙市","(28.2302056, 112.9335861)","[28.0702056, 28.3902056, 112.7735861, 113.0935861]"
361,"湖南,株洲市","(37.438147, 137.2484135)","[37.278147, 37.598147, 137.0884135, 137.4084135]"
362,"湖南,湘潭市","(27.8339927, 112.935675)","[27.6739927, 27.9939927, 112.775675, 113.095675]"
363,"湖南,衡阳市","(26.8971898, 112.5665703)","[26.1151159, 27.472505, 111.5401533, 113.2775873]"
364,"湖南,岳阳市","(29.3595242, 113.1228717)","[29.1995242, 29.5195242, 112.9628717, 113.2828717]"
365,"湖南,常德市","(29.038201, 111.6882053)","[28.4058094, 30.1284258, 110.4868841, 112.3016023]"
366,"湖南,张家界市","(29.1176794, 110.4741428)","[28.9576794, 29.2776794, 110.3141428, 110.6341428]"
367,"湖南,郴州市","(25.7742293, 113.0077439)","[25.6142293, 25.9342293, 112.8477439, 113.1677439]"
368,"湖南,永州市","(26.423568, 111.6081495)","[24.6402179, 26.8712848, 110.9471572, 112.4529798]"
369,"湖南,娄底市","(27.6995215, 111.9890658)","[27.2112424, 28.2348959, 110.7628098, 112.516458]"
370,"湖南,怀化市","(27.558803, 109.9935323)","[27.398803, 27.718803, 109.8335323, 110.1535323]"
371,"湖南,益阳市","(28.5562003, 112.3497606)","[28.3962003, 28.7162003, 112.1897606, 112.5097606]"
372,"湖南,邵阳市","(27.2421031, 111.4622299)","[25.9606397, 27.6634694, 109.8222198, 112.0858763]"
373,"湖南,湘西土家族苗族自治州","(28.2138466, 109.6751973)","[27.7225176, 29.6369724, 109.1762446, 110.3854322]"
374,"湖南,醴陵市","(27.672820100000003, 113.43003455098051)","[27.3775519, 27.9683149, 113.1651918, 113.7614107]"
375,"湖南,湘乡市","(27.7975233, 112.3579456)","[27.4840458, 28.0631964, 111.9935014, 112.6498604]"
376,"湖南,津市市","(29.494523, 111.85987)","[29.2813083, 29.7333589, 111.7670058, 112.0392608]"
377,"湖南,韶山市","(27.9183429, 112.5216491)","[27.8406035, 28.0325776, 112.3991275, 112.6352959]"
378,"湖南,资兴市","(25.936737, 113.466291)","[25.5707609, 26.2817839, 113.1100318, 113.7333983]"
379,"湖南,冷水江市","(27.6581325, 111.4534719)","[27.5262366, 27.8396066, 111.3157405, 111.6069201]"
380,"湖南,涟源市","(27.687243, 111.805474)","[27.4485109, 28.0457649, 111.5547788, 112.0294113]"
381,"湖南,洪江市","(27.2129336, 109.8320349)","[27.0529336, 27.3729336, 109.6720349, 109.9920349]"
382,"湖南,沅江市","(28.973928, 112.560755)","[28.7056452, 29.1930805, 112.2425937, 112.9393887]"
383,"湖南,吉首市","(33.2619055, 115.3540362)","[33.1019055, 33.4219055, 115.1940362, 115.5140362]"
384,"湖南,浏阳市","(28.166416, 113.6375778)","[27.8512095, 28.5681974, 113.1717278, 114.2560358]"
385,"湖南,武冈市","(26.7594032, 110.7091702)","[26.5495392, 27.0359499, 110.430409, 111.0315455]"
386,"湖南,临湘市","(29.4983821, 113.5406301)","[29.1913139, 29.8492603, 113.29549, 113.7501377]"
387,"湖南,耒阳市","(26.40396, 112.934066)","[26.1151159, 26.7133744, 112.6226375, 113.2232943]"
388,"湖南,常宁市","(26.409821, 112.3893213)","[26.1230963, 26.6041654, 112.1332473, 112.6879477]"
389,"湖南,汨罗市","(28.7917723, 113.1154489)","[28.4663334, 29.0638974, 112.8694951, 113.4430773]"
390,"湖北,武汉市","(30.5951051, 114.2999353)","[30.4351051, 30.7551051, 114.1399353, 114.4599353]"
391,"湖北,黄石市","(30.200255, 115.0333466)","[29.5085513, 30.3282643, 114.5262242, 115.5051727]"
392,"湖北,襄樊市","(32.0189235, 112.1463759)","[31.2305117, 32.6370468, 110.7584301, 113.1155393]"
393,"湖北,荆州市","(30.3375134, 112.2337792)","[29.4182175, 30.6608026, 111.2386322, 114.0844906]"
394,"湖北,荆门市","(31.0375248, 112.1937979)","[30.8775248, 31.1975248, 112.0337979, 112.3537979]"
395,"湖北,鄂州市","(30.3925379, 114.8898988)","[30.0154211, 30.6222937, 114.5056855, 115.0860501]"
396,"湖北,随州市","(31.691143, 113.3774967)","[31.531143, 31.851143, 113.2174967, 113.5374967]"
397,"湖北,孝感市","(30.919414, 113.9516901)","[30.759414, 31.079414, 113.7916901, 114.1116901]"
398,"湖北,咸宁市","(29.6645203, 114.1853094)","[29.0329282, 30.3003244, 113.5324959, 114.963455]"
399,"湖北,仙桃市","(30.302966750000003, 113.37754922521384)","[30.070539, 30.5345315, 112.9384052, 113.825799]"
400,"湖北,天门市","(30.6635516, 113.1616191)","[30.5035516, 30.8235516, 113.0016191, 113.3216191]"
401,"湖北,潜江市","(30.3575839, 112.74074559571241)","[30.0717314, 30.6477796, 112.5036623, 113.0316905]"
402,"湖北,宜昌市","(30.694088, 111.2803074)","[29.9455659, 31.581385, 110.2502593, 112.0805314]"
403,"湖北,十堰市","(32.6314877, 110.792752)","[32.4714877, 32.7914877, 110.632752, 110.952752]"
404,"湖北,神农架林区","(31.58339, 110.497198)","[31.2986239, 31.8626059, 109.9362105, 110.9728318]"
405,"湖北,黄冈市","(30.875038, 115.38679)","[29.7237546, 31.608063, 114.3972118, 116.1322259]"
406,"湖北,恩施土家族苗族自治州","(30.1980965, 109.6755462)","[29.1170325, 31.3985664, 108.3625803, 110.6389839]"
407,"湖北,老河口市","(32.436328, 111.756394)","[32.1720279, 32.6370468, 111.5272096, 112.0080182]"
408,"湖北,枣阳市","(32.1296882, 112.7656433)","[31.9696882, 32.2896882, 112.6056433, 112.9256433]"
409,"湖北,应城市","(30.930659050000003, 113.52573890840135)","[30.7153022, 31.1460665, 113.3220002, 113.7660125]"
410,"湖北,安陆市","(31.2578483, 113.683285)","[31.0978483, 31.4178483, 113.523285, 113.843285]"
411,"湖北,广水市","(31.6838156, 113.8407641)","[31.3846804, 32.0856141, 113.5235389, 114.1228333]"
412,"湖北,麻城市","(31.3198572, 115.1108647)","[30.8688728, 31.608063, 114.6760328, 115.4707565]"
413,"湖北,武穴市","(30.0232718, 115.6317342)","[29.825157, 30.2188549, 115.366745, 115.8291148]"
414,"湖北,石首市","(43.171677, 141.3159605)","[43.011677, 43.331677, 141.1559605, 141.4759605]"
415,"湖北,洪湖市","(29.924292299999998, 113.46038938825592)","[29.6429768, 30.2048314, 113.1271349, 114.0844906]"
416,"湖北,当阳市","(30.8238636, 111.7823966)","[30.5062604, 31.1956149, 111.5385423, 112.0805314]"
417,"湖北,丹江口市","(32.546496, 111.18062)","[32.2436829, 32.9721794, 110.7983496, 111.5798997]"
418,"湖北,恩施市","(30.2974854, 109.4746431)","[30.1374854, 30.4574854, 109.3146431, 109.6346431]"
419,"湖北,利川市","(35.724463, 139.404766)","[35.682761, 35.745135, 139.352326, 139.446119]"
420,"湖北,汉川市","(30.6197811, 113.68811610474037)","[30.381575, 30.8570444, 113.3666854, 113.9533326]"
421,"湖北,钟祥市","(31.1702322, 112.5823331)","[31.0102322, 31.3302322, 112.4223331, 112.7423331]"
422,"湖北,松滋市","(30.12946815, 111.74541316229676)","[29.8888019, 30.3718077, 111.2386322, 112.0469663]"
423,"湖北,枝江市","(30.4283835, 111.7546868)","[30.2683835, 30.5883835, 111.5946868, 111.9146868]"
424,"湖北,大冶市","(30.09101555, 114.88646289545005)","[29.8537641, 30.3282643, 114.5262242, 115.1775461]"
425,"湖北,宜都市","(30.3513729, 111.38994066155257)","[30.0992089, 30.6029557, 111.0991518, 111.6059263]"
426,"湖北,赤壁市","(29.730125649999998, 113.84683976948492)","[29.4720212, 29.9883915, 113.5324959, 114.2329255]"
427,"河南,郑州市","(34.7591877, 113.6524076)","[34.2629201, 34.9933019, 112.7142104, 114.2054503]"
428,"河南,开封市","(34.7961106, 114.3472038)","[34.6361106, 34.9561106, 114.1872038, 114.5072038]"
429,"河南,洛阳市","(34.6556873, 112.4209629)","[34.4956873, 34.8156873, 112.2609629, 112.5809629]"
430,"河南,平顶山市","(33.7374744, 113.2981436)","[33.5774744, 33.8974744, 113.1381436, 113.4581436]"
431,"河南,焦作市","(35.1375, 113.143889)","[34.8134318, 35.4941669, 112.5627606, 113.643661]"
432,"河南,鹤壁市","(35.7479577, 114.2915957)","[35.4434379, 36.0523538, 113.9897302, 114.7463404]"
433,"河南,新乡市","(35.308611, 114.051111)","[34.8790727, 35.8410591, 113.3755693, 115.0116715]"
434,"河南,安阳市","(35.9901282, 114.5096506)","[35.2051404, 36.3668117, 113.6287756, 114.9818704]"
435,"河南,濮阳市","(35.7631348, 115.0234071)","[35.3320438, 36.2129689, 114.8636406, 116.0971878]"
436,"河南,许昌市","(34.147778, 113.714722)","[33.6899103, 34.4081202, 113.0576904, 114.3208005]"
437,"河南,漯河市","(33.688056, 113.913056)","[33.4030003, 33.9860802, 113.4492804, 114.2902404]"
438,"河南,三门峡市","(34.4228647, 111.0489969)","[33.5496804, 35.0841792, 110.3551121, 112.0255606]"
439,"河南,济源市","(35.090860199999995, 112.40177537911038)","[34.904184, 35.2808984, 112.0296551, 112.7665652]"
440,"河南,商丘市","(34.417097, 115.6508622)","[34.257097, 34.577097, 115.4908622, 115.8108622]"
441,"河南,周口市","(33.808333, 114.911944)","[33.0511195, 34.3384499, 114.0841602, 115.6490928]"
442,"河南,驻马店市","(32.906695150000004, 114.12399930851029)","[32.2794385, 33.5333202, 113.0893105, 115.2143655]"
443,"河南,信阳市","(32.075, 114.853333)","[31.3844585, 32.6637701, 113.7034634, 115.9384202]"
444,"河南,南阳市","(33.0010496, 112.5292693)","[32.8410496, 33.1610496, 112.3692693, 112.6892693]"
445,"河南,义马市","(34.7454924, 111.8661916)","[34.5854924, 34.9054924, 111.7061916, 112.0261916]"
446,"河南,汝州市","(34.1448752, 112.84000853681441)","[33.9431302, 34.3465701, 112.5284304, 113.1032503]"
447,"河南,禹州市","(34.203884, 113.378745)","[33.9867801, 34.4081202, 113.0576904, 113.6523647]"
448,"河南,卫辉市","(35.51623035, 114.07960768808806)","[35.328361, 35.7053102, 113.8608902, 114.3230437]"
449,"河南,辉县市","(35.5637253, 113.71470007641409)","[35.2889871, 35.8410591, 113.3755693, 113.9505904]"
450,"河南,沁阳市","(35.1471428, 112.85138351641189)","[34.9828301, 35.3119471, 112.7272741, 113.0460103]"
451,"河南,舞钢市","(26.7594032, 110.7091702)","[26.5495392, 27.0359499, 110.430409, 111.0315455]"
452,"河南,邓州市","(32.688935099999995, 112.09044733508176)","[32.3784374, 32.9992501, 111.6351533, 112.3426605]"
453,"河南,荥阳市","(34.8003141, 113.38020818827093)","[34.6072302, 34.9933019, 113.1339275, 113.5124109]"
454,"河南,登封市","(34.4551772, 113.0444455)","[34.2951772, 34.6151772, 112.8844455, 113.2044455]"
455,"河南,新郑市","(34.4643451, 113.76780408762937)","[34.2755201, 34.6534002, 113.5047103, 113.8999103]"
456,"河南,偃师市","(34.6449298, 112.7522185)","[34.4688728, 34.8049804, 112.611524, 112.9740507]"
457,"河南,长葛市","(34.229524, 113.848064)","[34.14354, 34.3389802, 113.5700101, 114.1356205]"
458,"河南,灵宝市","(34.4259503, 110.79419450864592)","[34.1197401, 34.7336074, 110.3551121, 111.1915703]"
459,"河南,永城市","(34.0034952, 116.33451225426721)","[33.7094523, 34.2975666, 115.9722799, 116.6468648]"
460,"河南,项城市","(33.272647, 114.90115)","[33.0511195, 33.5074239, 114.6737504, 115.0695251]"
461,"河南,巩义市","(34.699197, 113.039115)","[34.5190602, 34.8638624, 112.8026305, 113.2713152]"
462,"河南,林州市","(36.0195753, 113.84620085177316)","[35.6728701, 36.3668117, 113.6287756, 114.0788103]"
463,"河南,新密市","(34.506222, 113.436156)","[34.3322099, 34.6669317, 113.1565299, 113.6715806]"
464,"河南,孟州市","(34.92759015, 112.74446033590863)","[34.8134318, 35.0420801, 112.5627606, 112.9242892]"
465,"广东,广州市","(23.1301964, 113.2592945)","[22.5176916, 23.9360754, 112.9529252, 114.0500833]"
466,"广东,深圳市","(22.555454, 114.0543297)","[22.2573262, 22.8644043, 113.6793565, 114.6461877]"
467,"广东,珠海市","(22.2305196, 113.5462439)","[22.0705196, 22.3905196, 113.3862439, 113.7062439]"
468,"广东,汕头市","(23.356377, 116.6775918)","[23.0348752, 23.6434229, 116.2396132, 117.3867426]"
469,"广东,韶关市","(24.8134099, 113.5923564)","[23.8898693, 25.5195165, 112.8458884, 114.7372513]"
470,"广东,河源市","(23.746777, 114.6954482)","[23.174172, 24.7808247, 114.2352068, 115.5895308]"
471,"广东,梅州市","(24.3053552, 116.1177436)","[23.3738649, 24.9392487, 115.3207933, 116.930191]"
472,"广东,惠州市","(23.1060862, 114.4141105)","[22.2579619, 23.9619891, 113.8053477, 115.4191915]"
473,"广东,汕尾市","(22.7893675, 115.3721503)","[22.325942, 23.469153, 114.9133201, 116.3139721]"
474,"广东,东莞市","(23.0444712, 113.7465512)","[22.6564773, 23.1448376, 113.5164763, 114.2552753]"
475,"广东,中山市","(22.5213807, 113.3656141)","[22.206438, 22.7761183, 113.1515984, 113.6868238]"
476,"广东,江门市","(22.5766294, 113.079047)","[21.4504329, 22.8580232, 111.9992053, 113.2574658]"
477,"广东,佛山市","(23.0247687, 113.1146335)","[22.6471008, 23.5739286, 112.3809128, 113.3879656]"
478,"广东,阳江市","(21.8526328, 111.95935)","[21.4121624, 22.6844499, 111.2775648, 112.3648708]"
479,"广东,湛江市","(21.2745127, 110.3541291)","[20.2003467, 21.9206641, 109.6243279, 111.0134118]"
480,"广东,茂名市","(21.6656562, 110.9196315)","[21.3162436, 22.7072575, 110.3209553, 111.68284]"
481,"广东,肇庆市","(23.0515551, 112.4728451)","[22.7733134, 24.3962556, 111.3573789, 112.8799926]"
482,"广东,清远市","(23.6832984, 113.0505994)","[23.4620379, 25.1943209, 111.9223003, 113.9115983]"
483,"广东,潮州市","(23.6566146, 116.6205482)","[23.4302599, 24.2270889, 116.3610688, 117.2494818]"
484,"广东,揭阳市","(23.5430817, 116.3497169)","[22.8128978, 23.7744064, 115.6060312, 116.6995232]"
485,"广东,云浮市","(22.9173703, 112.0396246)","[22.3868044, 23.3244908, 111.0527339, 112.5178373]"
486,"广东,从化市","(23.5508777, 113.5804636)","[23.3703546, 23.9360754, 113.2806318, 114.0500833]"
487,"广东,增城市","(23.2632745, 113.8059571)","[23.0869029, 23.6220295, 113.5416013, 113.9967219]"
488,"广东,南雄市","(25.1192792, 114.3064615)","[24.9470729, 25.4199043, 113.9215163, 114.7372513]"
489,"广东,乐昌市","(25.1313491, 113.3470997)","[24.9638804, 25.5195165, 112.8458884, 113.5828398]"
490,"广东,兴宁市","(24.1466813, 115.728847)","[23.8524494, 24.6445344, 115.4799883, 116.0242078]"
491,"广东,陆丰市","(22.9455881, 115.6407142)","[22.5861198, 23.1636246, 115.4698855, 116.3139721]"
492,"广东,台山市","(22.2541202, 112.7884998)","[21.4504329, 22.4443607, 112.2990021, 113.0651086]"
493,"广东,开平市","(22.3699417, 112.688154)","[21.9723925, 22.6555424, 112.2342833, 112.8132679]"
494,"广东,恩平市","(22.1887958, 112.3090696)","[21.9113409, 22.4976329, 111.9992053, 112.5252838]"
495,"广东,鹤山市","(22.663757, 112.800109)","[22.4792654, 22.8580232, 112.4706871, 113.038478]"
496,"广东,阳春市","(22.170242, 111.7871708)","[21.8485449, 22.6844499, 111.2775648, 112.1580733]"
497,"广东,吴川市","(21.4442923, 110.7736603)","[21.1388784, 21.6498, 110.4817786, 111.0134118]"
498,"广东,廉江市","(21.6121954, 110.2818122)","[21.4014738, 21.9581212, 109.7387426, 110.5078111]"
499,"广东,高州市","(21.9217624, 110.849047)","[21.7096539, 22.3091184, 110.6130218, 111.37671]"
500,"广东,信宜市","(34.2774239, 118.30301907807923)","[34.1037789, 34.4515914, 117.9869768, 118.6687393]"
501,"广东,化州市","(21.6516763, 110.6404799)","[21.4730649, 22.2117179, 110.3209553, 110.7474138]"
502,"广东,高要市","(23.0302295, 112.4561939)","[22.7733134, 23.4382914, 112.1806338, 112.8275528]"
503,"广东,四会市","(23.3491365, 112.6959903)","[23.2025984, 23.6933704, 112.4182968, 112.8799926]"
504,"广东,罗定市","(22.7413919, 111.5755827)","[22.5813919, 22.9013919, 111.4155827, 111.7355827]"
505,"广东,英德市","(24.2079886, 113.3962832)","[23.8457683, 24.5496444, 112.7522278, 113.9115983]"
506,"广东,连州市","(24.7857601, 112.3760545)","[24.6145854, 25.1943209, 112.1144485, 112.7814387]"
507,"广东,普宁市","(23.300182, 116.16801)","[23.0945735, 23.5275705, 115.7202294, 116.3474865]"
508,"广东,雷州市","(20.9166877, 110.0917772)","[20.4260477, 21.1834272, 109.6243279, 110.5890649]"
509,"海南,海口市","(20.0462328, 110.1956502)","[19.5259404, 20.1162113, 110.1030823, 110.7080691]"
510,"海南,三亚市","(18.2534658, 109.5034392)","[18.1438431, 18.6302034, 108.9281747, 109.8069484]"
511,"海南,五指山市","(18.7774931, 109.5128055)","[18.6286654, 19.0342894, 109.3196526, 109.7276536]"
512,"海南,文昌市","(19.5452604, 110.7932208)","[19.3522379, 20.1656227, 110.4643214, 111.0677997]"
513,"海南,琼海市","(19.2592373, 110.4703445)","[18.9779536, 19.4707124, 110.1108933, 110.7259451]"
514,"海南,万宁市","(18.837778, 110.2875)","[18.5806113, 19.1049768, 110.0008463, 110.6065378]"
515,"海南,东方市","(19.0979286, 108.6482353)","[18.7173248, 19.3510635, 108.5827892, 109.1221879]"
516,"海南,儋州市","(19.5173795, 109.5697188)","[19.3573795, 19.6773795, 109.4097188, 109.7297188]"
517,"广西,南宁市","(22.8193063, 108.3627211)","[22.2065209, 24.0347846, 107.3245594, 109.6181782]"
518,"广西,柳州市","(25.0009993, 109.3414252)","[23.9082078, 26.050971, 108.5835999, 110.1729495]"
519,"广西,桂林市","(25.2383172, 110.1752245)","[24.2627535, 26.3878717, 109.6116428, 111.4875912]"
520,"广西,梧州市","(23.5715402, 111.0139268)","[22.6109816, 24.407418, 110.3208997, 111.661477]"
521,"广西,北海市","(21.4845804, 109.1164835)","[21.3245804, 21.6445804, 108.9564835, 109.2764835]"
522,"广西,玉林市","(38.2852957, 109.7287583)","[38.1252957, 38.4452957, 109.5687583, 109.8887583]"
523,"广西,贵港市","(23.3594346, 110.0412939)","[22.6557827, 24.0439454, 109.2029673, 110.6590158]"
524,"广西,百色市","(23.9051104, 106.6153867)","[22.8557517, 25.1021341, 104.4482386, 107.8829972]"
525,"广西,河池市","(24.7169004, 107.8857367)","[23.5569577, 25.6132609, 106.5681329, 109.1558455]"
526,"广西,来宾市","(23.749651, 109.2195556)","[23.269338, 24.470489, 108.4118572, 110.4560316]"
527,"广西,贺州市","(24.3705146, 111.3590955)","[23.6546183, 25.1541702, 110.5670926, 112.0564063]"
528,"广西,钦州市","(21.9647384, 108.6209024)","[21.5335708, 22.6843938, 108.1792997, 109.8667729]"
529,"广西,祟左","(28.8719085, 104.5814906)","[28.8697945, 28.8738345, 104.5794628, 104.5829175]"
530,"广西,防城港市","(21.6895228, 108.3507497)","[21.5295228, 21.8495228, 108.1907497, 108.5107497]"
531,"广西,凭祥市","(22.089615, 106.8517762)","[21.9603105, 22.2746703, 106.669575, 106.9996091]"
532,"广西,合山市","(22.663757, 112.800109)","[22.4792654, 22.8580232, 112.4706871, 113.038478]"
533,"广西,崇左市","(22.38, 107.360909)","[22.22, 22.54, 107.200909, 107.520909]"
534,"广西,岑溪市","(22.9212029, 110.9898501)","[22.6109816, 23.2093186, 110.7188586, 111.3711243]"
535,"广西,桂平市","(23.2817204, 110.0967393)","[22.8672982, 23.8018209, 109.6945777, 110.3706052]"
536,"广西,北流市","(22.4427933, 110.5314264)","[22.1463858, 22.9209046, 110.1283597, 110.7854578]"
537,"广西,宜州市","(24.4347087, 108.60727160080198)","[24.0018451, 24.8678106, 108.042839, 109.0446109]"
538,"广西,东兴市","(21.6058074, 108.0698483)","[21.4668081, 21.7261883, 107.882384, 108.2377337]"
539,"贵州,贵阳市","(26.6499922, 106.6246178)","[26.1867816, 27.3599917, 106.1189749, 107.2746854]"
540,"贵州,六盘水市","(26.5963778, 104.8279652)","[26.4363778, 26.7563778, 104.6679652, 104.9879652]"
541,"贵州,遵义市","(27.7248607, 107.0282756)","[27.1436559, 29.2244463, 105.6057714, 108.2077178]"
542,"贵州,安顺市","(26.254911, 105.9437773)","[26.094911, 26.414911, 105.7837773, 106.1037773]"
543,"贵州,黔西南布依族苗族自治州","(25.38808, 105.3874)","[24.6207172, 26.1794249, 104.5268677, 106.5340275]"
544,"贵州,黔东南苗族侗族自治州","(26.5870883, 107.978748)","[25.3081162, 27.5274029, 107.3079603, 109.5939991]"
545,"贵州,黔南布依族苗族自治州","(26.257011, 107.5180339)","[25.0796163, 27.4848269, 106.2074774, 108.3020443]"
546,"贵州,铜仁地区","(27.952938, 108.584018)","[27.1258325, 29.0946052, 107.7496305, 109.470034]"
547,"贵州,毕节地区","(27.2150032, 105.215166)","[26.3632029, 27.7787586, 103.5999855, 106.7232655]"
548,"贵州,赤水市","(28.5914382, 105.6956747)","[28.4314382, 28.7514382, 105.5356747, 105.8556747]"
549,"贵州,铜仁市","(27.952938, 108.584018)","[27.1258325, 29.0946052, 107.7496305, 109.470034]"
550,"贵州,兴义市","(25.0947613, 104.8935472)","[24.6207172, 25.3808229, 104.5268677, 105.18219]"
551,"贵州,凯里市","(26.5710542, 107.9769525)","[26.4110542, 26.7310542, 107.8169525, 108.1369525]"
552,"贵州,都匀市","(26.1908679, 107.4526239)","[25.8582364, 26.4233842, 107.1299133, 107.7738042]"
553,"贵州,仁怀市","(27.885688, 106.444535)","[27.5558644, 28.1725472, 105.9974076, 106.5987987]"
554,"贵州,毕节市","(27.2150032, 105.215166)","[26.3632029, 27.7787586, 103.5999855, 106.7232655]"
555,"贵州,清镇市","(26.732666, 106.348323)","[26.3999002, 26.9353217, 106.1189749, 106.5475606]"
556,"贵州,福泉市","(26.8068033, 107.4565621)","[26.5459194, 27.0389669, 107.2460693, 107.760436]"
557,"四川,成都市","(30.6624205, 104.0633219)","[30.0920455, 31.4370968, 102.9902707, 104.8948475]"
558,"四川,自贡市","(29.3420008, 104.7761594)","[29.1820008, 29.5020008, 104.6161594, 104.9361594]"
559,"四川,攀枝花市","(26.5860102, 101.7179276)","[26.0863689, 27.3464697, 101.1352019, 102.2456662]"
560,"四川,泸州市","(28.5297899, 105.5382725)","[27.6625601, 29.3318055, 105.141847, 106.3759836]"
561,"四川,德阳市","(31.1244028, 104.39013)","[30.5268022, 31.6999801, 103.7927705, 105.1718396]"
562,"四川,绵阳市","(31.8752721, 104.58870213144931)","[30.7081608, 33.0443666, 103.7462139, 105.721836]"
563,"四川,广元市","(32.4329637, 105.8563402)","[32.2729637, 32.5929637, 105.6963402, 106.0163402]"
564,"四川,遂宁市","(30.669618749999998, 105.47116046432373)","[30.1762169, 31.163036, 105.0561813, 105.9975821]"
565,"四川,内江市","(29.6602202, 104.9192806)","[29.1914704, 30.042398, 104.2671835, 105.4403059]"
566,"四川,乐山市","(29.2233495, 103.5966083)","[28.4225081, 29.931411, 102.9047463, 104.2497884]"
567,"四川,南充市","(31.210219, 106.231735)","[30.4608184, 31.8515408, 105.4375208, 106.9611109]"
568,"四川,宜宾市","(28.58689, 104.718661)","[27.8436533, 29.2689033, 103.6090323, 105.3411273]"
569,"四川,广安市","(30.4593051, 106.6286646)","[30.0183455, 30.8430627, 105.9437317, 107.3003646]"
570,"四川,巴中市","(32.040248, 107.062301)","[31.2503597, 32.7403981, 106.3593249, 107.7593271]"
571,"四川,雅安市","(29.8931184, 102.7416508)","[28.8514329, 30.9416231, 101.939858, 103.3925119]"
572,"四川,眉山市","(29.9866838, 103.7790009)","[29.4035664, 30.3644423, 102.8169829, 104.5014618]"
573,"四川,阿坝藏族羌族自治州","(32.45543045, 102.26201122397009)","[30.5957961, 34.3147096, 100.525582, 104.4336072]"
574,"四川,甘孜藏族自治州","(31.0883264, 100.36883821631491)","[27.965415, 34.2115526, 97.3473754, 102.4922741]"
575,"四川,凉山彝族自治州","(27.7462884, 102.0966149)","[26.0481659, 29.3054351, 100.1667535, 103.8751749]"
576,"四川,资阳市","(30.0928618, 105.1336656)","[29.6765963, 30.6326541, 104.4470903, 105.7500233]"
577,"四川,达州市","(31.345115, 107.650683)","[30.3243287, 32.3394865, 106.662229, 108.5426666]"
578,"四川,广汉市","(30.9818013, 104.2725546)","[30.894114, 31.1506657, 104.113389, 104.497683]"
579,"四川,西昌市","(27.8458993, 102.124224)","[27.5446854, 28.1809439, 101.7679974, 102.5076708]"
580,"四川,江油市","(31.9525495, 104.9347205)","[31.5414719, 32.3210843, 104.5104504, 105.2854258]"
581,"四川,彭州市","(31.11408, 103.921893)","[30.9132711, 31.4370968, 103.6761631, 104.1674466]"
582,"四川,崇州市","(30.6256088, 103.6722448)","[30.4966883, 30.8816087, 103.1191349, 103.8217613]"
583,"四川,都江堰市","(30.9968918, 103.620532)","[30.747629, 31.3673025, 103.4378451, 103.779754]"
584,"四川,邛崃市","(30.4145205, 103.4654411)","[30.2043519, 30.5539214, 103.057785, 103.7662548]"
585,"四川,峨眉山市","(29.5037862, 103.4085553)","[29.2766709, 29.724564, 103.1753313, 103.6211532]"
586,"四川,简阳市","(30.3915544, 104.5532107)","[30.0920455, 30.6464281, 104.1892662, 104.8948475]"
587,"四川,绵竹市","(31.4178432, 104.1725852)","[31.1552826, 31.6999801, 103.9058589, 104.3415298]"
588,"四川,什邡市","(31.2539014, 104.0048204)","[31.0272349, 31.5442969, 103.7927705, 104.2735721]"
589,"四川,阆中市","(31.5899565, 106.0812814)","[31.3645498, 31.8515408, 105.6822304, 106.4204564]"
590,"四川,华蓥市","(30.3323347, 106.7572484)","[30.1201667, 30.4756202, 106.6035016, 106.9046332]"
591,"四川,万源市","(31.9936317, 108.0137962)","[31.6436925, 32.3394865, 107.4811914, 108.5105643]"
592,"云南,昆明市","(24.8843019, 102.8324209)","[24.388848, 26.548485, 102.1697441, 103.6683522]"
593,"云南,昭通市","(27.3376718, 103.7144348)","[27.1776718, 27.4976718, 103.5544348, 103.8744348]"
594,"云南,曲靖市","(25.719931, 103.986131)","[24.3506895, 27.055243, 103.0544147, 104.8259267]"
595,"云南,玉溪市","(24.3578557, 102.5397072)","[23.3171842, 24.9548578, 101.2753184, 103.1516888]"
596,"云南,保山市","(25.1180731, 99.1654168)","[24.1249961, 25.859875, 98.0889497, 100.0461798]"
597,"云南,普洱市","(23.2948942, 100.8784458)","[22.02597, 24.8252311, 99.1561901, 102.3235325]"
598,"云南,临沧市","(23.88848, 100.0879344)","[23.079957, 25.0357178, 98.672154, 100.5464105]"
599,"云南,丽江市","(26.8740866, 100.2356332)","[25.9885792, 27.9275919, 99.3821766, 101.5122985]"
600,"云南,西双版纳傣族自治州","(22.0107549, 100.7960029)","[21.143139, 22.5974824, 99.9435227, 101.844671]"
601,"云南,德宏傣族景颇族自治州","(24.4363819, 98.5850386)","[23.8442025, 25.3388368, 97.5274624, 98.726598]"
602,"云南,怒江傈僳族自治州","(26.5997498, 99.0932473)","[25.5525801, 28.3970972, 98.132047, 99.6424255]"
603,"云南,迪庆藏族自治州","(27.82234, 99.7017831)","[26.8697988, 29.2257206, 98.5928574, 100.307934]"
604,"云南,文山壮族苗族自治州","(23.4026689, 104.2143967)","[22.6846054, 24.475848, 103.5733654, 106.1942062]"
605,"云南,红河哈尼族彝族自治州","(23.3634018, 103.3716107)","[22.442617, 24.767665, 101.7984732, 104.2793748]"
606,"云南,楚雄彝族自治州","(25.4320355, 101.7047854)","[24.2237002, 26.5022621, 100.7194199, 102.4814608]"
607,"云南,大理白族自治州","(25.6074778, 100.2651597)","[24.6645526, 26.7001636, 98.8634062, 101.0421322]"
608,"云南,个旧市","(23.3618738, 103.1577391)","[23.2018738, 23.5218738, 102.9977391, 103.3177391]"
609,"云南,开远市","(42.4067626, 124.245093)","[42.1160589, 42.8894874, 123.7317951, 124.8166063]"
610,"云南,楚雄市","(25.0359599, 101.5440836)","[24.4850619, 25.3120108, 100.8808613, 101.8137327]"
611,"云南,大理市","(25.6023916, 100.2449114)","[25.4423916, 25.7623916, 100.0849114, 100.4049114]"
612,"云南,安宁市","(24.8377491, 102.4026832)","[24.5176136, 25.1041544, 102.1697441, 102.6219281]"
613,"云南,宣威市","(26.2311315, 104.1000294)","[26.0711315, 26.3911315, 103.9400294, 104.2600294]"
614,"云南,景洪市","(22.02465455, 100.93286429823121)","[21.4509368, 22.5974824, 100.4309302, 101.5121076]"
615,"云南,潞西市","(24.3452719, 98.4009228)","[24.082718, 24.6627957, 98.0202612, 98.726598]"
616,"云南,瑞丽市","(24.0355422, 97.7796971)","[23.8442025, 24.1704434, 97.5274624, 98.171008]"
617,"陕西,西安市","(34.3468421, 108.9365887)","[33.695219, 34.7459524, 107.655623, 109.7914365]"
618,"陕西,宝鸡市","(34.3645811, 107.2332184)","[33.5778959, 35.1065285, 106.3054695, 108.0492435]"
619,"陕西,咸阳市","(34.3075655, 108.7234362)","[34.19817, 35.5445384, 107.6475508, 109.1807328]"
620,"陕西,榆林市","(38.2852957, 109.7287583)","[38.1252957, 38.4452957, 109.5687583, 109.8887583]"
621,"陕西,延安市","(36.5853932, 109.4828549)","[35.3514468, 37.5010374, 107.6544038, 110.5464281]"
622,"陕西,渭南市","(34.5037437, 109.4572848)","[34.2107074, 35.8546965, 108.9546583, 110.6059875]"
623,"陕西,安康市","(32.7165184, 108.9912989)","[31.7066651, 33.8416939, 108.0165959, 110.2013016]"
624,"陕西,汉中市","(33.171124, 107.045009)","[32.1455299, 33.8793041, 105.487304, 108.2828129]"
625,"陕西,铜川市","(34.9034852, 108.9461781)","[34.7434852, 35.0634852, 108.7861781, 109.1061781]"
626,"陕西,商洛市","(33.8678555, 109.9353876)","[33.7078555, 34.0278555, 109.7753876, 110.0953876]"
627,"陕西,韩城市","(35.4762519, 110.4508029)","[35.3162519, 35.6362519, 110.2908029, 110.6108029]"
628,"陕西,华阴市","(34.5675163, 110.0920915)","[34.4075163, 34.7275163, 109.9320915, 110.2520915]"
629,"陕西,兴平市","(34.2993736, 108.4830556)","[34.1393736, 34.4593736, 108.3230556, 108.6430556]"
630,"甘肃,兰州市","(36.0620781, 103.8318566)","[35.9020781, 36.2220781, 103.6718566, 103.9918566]"
631,"甘肃,金昌市","(38.5206719, 102.185973)","[38.3606719, 38.6806719, 102.025973, 102.345973]"
632,"甘肃,白银市","(36.536461, 104.784953)","[35.4125453, 37.6347474, 103.5411809, 105.5257824]"
633,"甘肃,天水市","(34.6538841, 105.8003895)","[34.078388, 35.176839, 104.5734145, 106.7124405]"
634,"甘肃,嘉峪关市","(39.7722294, 98.2885388)","[39.6524292, 39.9946938, 97.8484409, 98.5200771]"
635,"甘肃,平凉市","(35.22678, 106.495648)","[34.8781633, 35.7497034, 105.3436882, 107.8592449]"
636,"甘肃,武威市","(37.928881, 102.6359886)","[36.7511247, 39.4608487, 101.8267819, 104.2036053]"
637,"甘肃,张掖市","(38.9365134, 100.4556326)","[38.7765134, 39.0965134, 100.2956326, 100.6156326]"
638,"甘肃,酒泉市","(39.7321262, 98.4936839)","[39.5721262, 39.8921262, 98.3336839, 98.6536839]"
639,"甘肃,定西市","(35.5782808, 104.6173821)","[34.1261793, 36.0451652, 103.4662967, 105.6472785]"
640,"甘肃,庆阳市","(36.182368, 107.6216357)","[35.24203, 37.1580849, 106.3571155, 108.7105309]"
641,"甘肃,陇南市","(33.387124, 104.9313723)","[33.227124, 33.547124, 104.7713723, 105.0913723]"
642,"甘肃,临夏回族自治州","(35.6051494, 103.2401775)","[35.4451494, 35.7651494, 103.0801775, 103.4001775]"
643,"甘肃,甘南藏族自治州","(34.3971917, 102.7098994)","[33.1051955, 35.5883789, 100.762864, 104.7601191]"
644,"甘肃,玉门市","(40.2355108, 97.4322482)","[39.6259553, 40.9185068, 96.486321, 98.3321857]"
645,"甘肃,临夏市","(35.6051494, 103.2401775)","[35.4451494, 35.7651494, 103.0801775, 103.4001775]"
646,"甘肃,合作市","(34.9572749, 103.0512322)","[34.5868901, 35.288939, 102.7964368, 103.4004057]"
647,"宁夏,银川市","(38.4852037, 106.2261926)","[38.3252037, 38.6452037, 106.0661926, 106.3861926]"
648,"宁夏,石嘴山市","(38.9868531, 106.3771974)","[38.6050377, 39.3817981, 105.9651311, 106.9650982]"
649,"宁夏,吴忠市","(37.9822616, 106.1961109)","[36.5785805, 38.2607806, 105.555699, 107.6525375]"
650,"宁夏,固原市","(36.0163032, 106.2408629)","[35.8563032, 36.1763032, 106.0808629, 106.4008629]"
651,"宁夏,青铜峡市","(37.943444, 105.965014)","[37.6082636, 38.2607806, 105.5962942, 106.2243644]"
652,"宁夏,灵武市","(37.92175145, 106.54607087284626)","[37.4901464, 38.3504536, 106.2013069, 106.877757]"
653,"宁夏,中卫市","(37.5062172, 105.1690817)","[37.3462172, 37.6662172, 105.0090817, 105.3290817]"
654,"青海,西宁市","(36.617331, 101.7761976)","[36.457331, 36.777331, 101.6161976, 101.9361976]"
655,"青海,海东地区","(36.3098978, 102.356454)","[35.455651, 37.15086, 101.6616633, 103.0694065]"
656,"青海,海北藏族自治州","(37.7191885, 100.456559)","[36.7401102, 39.0903677, 98.0926607, 102.6397485]"
657,"青海,黄南藏族自治州","(35.0631602, 101.6514933)","[34.0814197, 36.1644313, 100.6875451, 102.4490976]"
658,"青海,海南藏族自治州","(35.8172501, 100.3405266)","[34.6423263, 37.1769238, 98.9195545, 101.7722783]"
659,"青海,果洛藏族自治州","(34.1417533, 99.5011203)","[32.5245995, 35.6212024, 96.9349725, 101.7773033]"
660,"青海,玉树藏族自治州","(34.3980247, 94.1902137)","[31.6018045, 36.2801105, 89.4022166, 97.7582285]"
661,"青海,海西蒙古族藏族自治州","(37.0824853, 95.4597216)","[32.7233624, 39.2142318, 89.6336506, 99.691902]"
662,"青海,格尔木市","(36.739753, 93.54239)","[32.7233624, 37.7624068, 89.6336506, 95.8043897]"
663,"青海,德令哈市","(37.3690819, 97.36011)","[37.2090819, 37.5290819, 97.20011, 97.52011]"
664,"新疆,乌鲁木齐市","(43.8244074, 87.6139038)","[42.9220135, 45.0006638, 86.7939662, 88.9720528]"
665,"新疆,克拉玛依市","(45.5791538, 84.8867089)","[44.1251643, 46.2115686, 84.5769352, 86.0217097]"
666,"新疆,石河子市","(44.3017013, 86.0775574)","[43.9280756, 44.4587785, 85.6633989, 86.1404943]"
667,"新疆,五家渠市","(44.1640613, 87.5403611)","[44.0040613, 44.3240613, 87.3803611, 87.7003611]"
668,"新疆,阿拉尔市","(40.5421865, 81.2770789)","[40.3821865, 40.7021865, 81.1170789, 81.4370789]"
669,"新疆,博尔塔拉蒙古自治州","(44.9049787, 82.0630714)","[44.005543, 45.3860937, 79.8819854, 83.7958142]"
670,"新疆,巴音郭楞蒙古自治州","(39.5912926, 88.09897710871338)","[35.6411152, 43.5683274, 82.4673474, 93.8194653]"
671,"新疆,克孜勒苏柯尔克孜自治州","(39.7141576, 76.1645911)","[37.6516536, 41.4016017, 73.4997347, 78.8902119]"
672,"新疆,伊犁哈萨克自治州","(43.913273, 81.3235085)","[42.266472, 49.1798519, 80.1619837, 91.074933]"
673,"新疆,图木舒克市","(39.851349299999995, 79.10758880891618)","[39.609169, 40.0972228, 78.6559929, 79.6053346]"
674,"新疆,吐鲁番地区","(42.4561611, 89.7283163)","[41.1974979, 43.6313275, 87.2598653, 91.9165991]"
675,"新疆,哈密地区","(42.817404, 93.5142008)","[40.8720416, 45.098895, 91.1528777, 96.3876368]"
676,"新疆,和田地区","(37.8607782, 81.1342087)","[34.3348429, 39.6227473, 77.3991928, 84.9837541]"
677,"新疆,阿克苏地区","(41.1677575, 80.2582136)","[39.4637646, 42.6455798, 78.0264208, 84.0860294]"
678,"新疆,喀什地区","(39.4666397, 75.9900091)","[39.3066397, 39.6266397, 75.8300091, 76.1500091]"
679,"新疆,昌吉回族自治州","(44.3478012, 86.6870066)","[43.0958084, 45.4869744, 85.5771284, 91.5624146]"
680,"新疆,塔城地区","(45.749199, 84.2850459)","[43.477061, 47.2346519, 82.2588014, 87.337937]"
681,"新疆,阿勒泰地区","(46.9701625, 88.5568675)","[44.999992, 49.1798519, 85.5264543, 91.074933]"
682,"新疆,吐鲁番地区","(42.4561611, 89.7283163)","[41.1974979, 43.6313275, 87.2598653, 91.9165991]"
683,"新疆,吐鲁番市","(42.9400252, 89.1840477)","[42.7800252, 43.1000252, 89.0240477, 89.3440477]"
684,"新疆,哈密市","(42.817404, 93.5142008)","[40.8720416, 45.098895, 91.1528777, 96.3876368]"
685,"新疆,和田市","(37.1144637, 79.9196814)","[36.9179896, 37.8393726, 79.8318098, 80.4531424]"
686,"新疆,阿克苏市","(41.1666671, 80.2612431)","[39.4823157, 41.502471, 79.7186851, 82.0071026]"
687,"新疆,喀什市","(39.4665981, 75.9900135)","[39.4083564, 39.6261178, 75.8193216, 76.5875545]"
688,"新疆,阿图什市","(39.715261, 76.166016)","[39.555261, 39.875261, 76.006016, 76.326016]"
689,"新疆,库尔勒市","(41.673238, 85.716234)","[41.2394237, 42.269109, 85.1952355, 86.5142548]"
690,"新疆,昌吉市","(44.1657879, 87.2201188)","[43.0958084, 45.329694, 86.4145966, 87.589312]"
691,"新疆,博乐市","(35.8676218, 139.9756876)","[35.7076218, 36.0276218, 139.8156876, 140.1356876]"
692,"新疆,伊宁市","(43.9052027, 81.2747797)","[43.7452027, 44.0652027, 81.1147797, 81.4347797]"
693,"新疆,塔城市","(46.7449118, 82.9746685)","[46.5849118, 46.9049118, 82.8146685, 83.1346685]"
694,"新疆,阿勒泰市","(47.8257562, 88.1291701)","[47.2350724, 48.6463705, 86.8872592, 88.6376095]"
695,"新疆,阜康市","(44.504341, 88.275146)","[43.7552876, 45.0003678, 87.7711605, 88.7399573]"
696,"新疆,乌苏市","(44.4733877, 84.2593635)","[43.5771732, 45.2878471, 83.408311, 85.109828]"
697,"新疆,奎屯市","(44.551335, 85.01358)","[44.3240931, 44.8258041, 84.7757649, 85.2530249]"
698,"新疆,博乐市","(35.8676218, 139.9756876)","[35.7076218, 36.0276218, 139.8156876, 140.1356876]"
699,"西藏,拉萨市","(29.6553895, 91.1704736)","[29.4953895, 29.8153895, 91.0104736, 91.3304736]"
700,"西藏,山南地区","(28.7628486, 91.7523138)","[27.7164905, 29.8256094, 90.0617753, 93.4739971]"
701,"西藏,阿里地区","(33.1046322, 82.5656969)","[29.6822469, 35.8612159, 78.3923198, 86.3243817]"
702,"西藏,林芝地区","(29.5487912, 94.6384738)","[28.1068857, 30.6686134, 92.1647413, 98.7530975]"
703,"西藏,山南地区","(28.7628486, 91.7523138)","[27.7164905, 29.8256094, 90.0617753, 93.4739971]"
704,"西藏,日喀则地区","(29.2761259, 88.8807029)","[29.1161259, 29.4361259, 88.7207029, 89.0407029]"
705,"西藏,那曲地区","(31.4786233, 92.0498064)","[31.3186233, 31.6386233, 91.8898064, 92.2098064]"
706,"西藏,昌都地区","(30.778077, 97.2368352)","[28.4384496, 32.5894771, 93.5975113, 99.1155467]"
707,"西藏,日喀则市","(29.2761259, 88.8807029)","[29.1161259, 29.4361259, 88.7207029, 89.0407029]"
708,"西藏,那曲县","(40.2554245, 123.9446603)","[40.2218784, 40.2870144, 123.8915118, 123.9875337]"
709,"西藏,昌都县","(30.778077, 97.2368352)","[28.4384496, 32.5894771, 93.5975113, 99.1155467]"
710,"西藏,林芝县","(29.5487912, 94.6384738)","[28.1068857, 30.6686134, 92.1647413, 98.7530975]"
711,"香港,香港地区","(22.350627, 114.1849161)","[22.1367246, 22.5683333, 113.8172427, 114.5024867]"
712,"澳门,澳门地区","(22.1757605, 113.5514142)","[22.0766667, 22.2170361, 113.5281666, 113.6301389]"
713,"台湾,台北市","(25.0375198, 121.5636796)","[24.9605158, 25.2102357, 121.4571436, 121.6658875]"
714,"台湾,基隆市","(25.1317232, 121.744652)","[25.0526506, 25.6334135, 121.626787, 122.1091671]"
715,"台湾,新竹市","(24.8066333, 120.9686833)","[24.712573, 24.8532113, 120.8794247, 121.0335407]"
716,"台湾,台中市","(24.220025, 120.81363084910204)","[23.99856, 24.44151, 120.46077, 121.45096]"
717,"台湾,嘉义市","(23.4811089, 120.4535412)","[23.4395803, 23.5183307, 120.3891572, 120.5093696]"
718,"台湾,台南市","(22.9912348, 120.184982)","[22.8874631, 23.41371, 120.0341883, 120.6562638]"
719,"台湾,高雄市","(22.6203348, 120.3120375)","[10.3447222, 23.4716871, 114.3072222, 121.0490355]"
